PatchID,X,Y,SubpatchNO,K,K StDev,N0,Natal Grounds,Migration Grounds,Genes Initialize,Class Vars,Mortality Out %,Mortality Out StDev,Mortality Back,Mortality Back StDev,Mortality Eggs,Mortality Eggs StDev,Migration,Set Migration,Straying,GrowthTemperatureOut,GrowthTemperatureOutStDev,GrowDaysOut,GrowDaysOutStDev,GrowthTemperatureBack,GrowthTemperatureBackStDev,GrowDaysBack,GrowDaysBackStDev,Capture Probability Out,Capture Probability Back,HabitatOut,HabitatBack,Fitness_AA,Fitness_Aa,Fitness_aa,Fitness_BB,Fitness_Bb,Fitness_bb,Fitness_AABB,Fitness_AaBB,Fitness_aaBB,Fitness_AABb,Fitness_AaBb,Fitness_aaBb,Fitness_AAbb,Fitness_Aabb,Fitness_aabb,comp_coef
1,-75.97500154,44.36753269,1,600,0,0,1,1,Highdisp_hindex1.csv;Lowdisp_hindex0.csv,ClassVars_0310_Disp_lessmobile.csv;ClassVars_0310_Disp_mobile.csv,N,0,0,0,0,0,0,Y,1,8,0.2,150,20,N,0,150,20,N,N,1,1,0,0,0,0,0,0,0,0,0,0,0,0,0,0,0,0
2,-75.92500154,44.36753269,1,600,0,0,1,1,Highdisp_hindex1.csv;Lowdisp_hindex0.csv,ClassVars_0310_Disp_lessmobile.csv;ClassVars_0310_Disp_mobile.csv,N,0,0,0,0,0,0,Y,1,8,0.2,150,20,N,0,150,20,N,N,1,1,0,0,0,0,0,0,0,0,0,0,0,0,0,0,0,0
3,-75.87500154,44.36753269,1,600,0,0,1,1,Highdisp_hindex1.csv;Lowdisp_hindex0.csv,ClassVars_0310_Disp_lessmobile.csv;ClassVars_0310_Disp_mobile.csv,N,0,0,0,0,0,0,Y,1,8,0.2,150,20,N,0,150,20,N,N,1,1,0,0,0,0,0,0,0,0,0,0,0,0,0,0,0,0
4,-73.32500154,44.36753269,1,600,0,0,1,1,Highdisp_hindex1.csv;Lowdisp_hindex0.csv,ClassVars_0310_Disp_lessmobile.csv;ClassVars_0310_Disp_mobile.csv,N,0,0,0,0,0,0,Y,1,8,0.2,150,20,N,0,150,20,N,N,1,1,0,0,0,0,0,0,0,0,0,0,0,0,0,0,0,0
5,-73.27500154,44.36753269,1,600,0,0,1,1,Highdisp_hindex1.csv;Lowdisp_hindex0.csv,ClassVars_0310_Disp_lessmobile.csv;ClassVars_0310_Disp_mobile.csv,N,0,0,0,0,0,0,Y,1,8,0.2,150,20,N,0,150,20,N,N,1,1,0,0,0,0,0,0,0,0,0,0,0,0,0,0,0,0
6,-75.87500154,44.41753269,2,600,0,0,1,1,Highdisp_hindex1.csv;Lowdisp_hindex0.csv,ClassVars_0310_Disp_lessmobile.csv;ClassVars_0310_Disp_mobile.csv,N,0,0,0,0,0,0,Y,1,8,0.2,150,20,N,0,150,20,N,N,1,1,0,0,0,0,0,0,0,0,0,0,0,0,0,0,0,0
7,-75.82500154,44.41753269,2,600,0,0,1,1,Highdisp_hindex1.csv;Lowdisp_hindex0.csv,ClassVars_0310_Disp_lessmobile.csv;ClassVars_0310_Disp_mobile.csv,N,0,0,0,0,0,0,Y,1,8,0.2,150,20,N,0,150,20,N,N,1,1,0,0,0,0,0,0,0,0,0,0,0,0,0,0,0,0
8,-73.32500154,44.41753269,2,600,0,0,1,1,Highdisp_hindex1.csv;Lowdisp_hindex0.csv,ClassVars_0310_Disp_lessmobile.csv;ClassVars_0310_Disp_mobile.csv,N,0,0,0,0,0,0,Y,1,8,0.2,150,20,N,0,150,20,N,N,1,1,0,0,0,0,0,0,0,0,0,0,0,0,0,0,0,0
9,-73.27500154,44.41753269,2,600,0,0,1,1,Highdisp_hindex1.csv;Lowdisp_hindex0.csv,ClassVars_0310_Disp_lessmobile.csv;ClassVars_0310_Disp_mobile.csv,N,0,0,0,0,0,0,Y,1,8,0.2,150,20,N,0,150,20,N,N,1,1,0,0,0,0,0,0,0,0,0,0,0,0,0,0,0,0
10,-73.22500154,44.41753269,2,600,0,0,1,1,Highdisp_hindex1.csv;Lowdisp_hindex0.csv,ClassVars_0310_Disp_lessmobile.csv;ClassVars_0310_Disp_mobile.csv,N,0,0,0,0,0,0,Y,1,8,0.2,150,20,N,0,150,20,N,N,1,1,0,0,0,0,0,0,0,0,0,0,0,0,0,0,0,0
11,-75.82500154,44.46753269,2,600,0,0,1,1,Highdisp_hindex1.csv;Lowdisp_hindex0.csv,ClassVars_0310_Disp_lessmobile.csv;ClassVars_0310_Disp_mobile.csv,N,0,0,0,0,0,0,Y,1,8,0.2,150,20,N,0,150,20,N,N,1,1,0,0,0,0,0,0,0,0,0,0,0,0,0,0,0,0
12,-75.77500154,44.46753269,2,600,0,0,1,1,Highdisp_hindex1.csv;Lowdisp_hindex0.csv,ClassVars_0310_Disp_lessmobile.csv;ClassVars_0310_Disp_mobile.csv,N,0,0,0,0,0,0,Y,1,8,0.2,150,20,N,0,150,20,N,N,1,1,0,0,0,0,0,0,0,0,0,0,0,0,0,0,0,0
13,-73.37500154,44.46753269,2,600,0,0,1,1,Highdisp_hindex1.csv;Lowdisp_hindex0.csv,ClassVars_0310_Disp_lessmobile.csv;ClassVars_0310_Disp_mobile.csv,N,0,0,0,0,0,0,Y,1,8,0.2,150,20,N,0,150,20,N,N,1,1,0,0,0,0,0,0,0,0,0,0,0,0,0,0,0,0
14,-73.32500154,44.46753269,3,600,0,0,1,1,Highdisp_hindex1.csv;Lowdisp_hindex0.csv,ClassVars_0310_Disp_lessmobile.csv;ClassVars_0310_Disp_mobile.csv,N,0,0,0,0,0,0,Y,1,8,0.2,150,20,N,0,150,20,N,N,1,1,0,0,0,0,0,0,0,0,0,0,0,0,0,0,0,0
15,-73.27500154,44.46753269,3,600,0,0,1,1,Highdisp_hindex1.csv;Lowdisp_hindex0.csv,ClassVars_0310_Disp_lessmobile.csv;ClassVars_0310_Disp_mobile.csv,N,0,0,0,0,0,0,Y,1,8,0.2,150,20,N,0,150,20,N,N,1,1,0,0,0,0,0,0,0,0,0,0,0,0,0,0,0,0
16,-73.22500154,44.46753269,3,600,0,0,1,1,Highdisp_hindex1.csv;Lowdisp_hindex0.csv,ClassVars_0310_Disp_lessmobile.csv;ClassVars_0310_Disp_mobile.csv,N,0,0,0,0,0,0,Y,1,8,0.2,150,20,N,0,150,20,N,N,1,1,0,0,0,0,0,0,0,0,0,0,0,0,0,0,0,0
17,-75.77500154,44.51753269,3,600,0,0,1,1,Highdisp_hindex1.csv;Lowdisp_hindex0.csv,ClassVars_0310_Disp_lessmobile.csv;ClassVars_0310_Disp_mobile.csv,N,0,0,0,0,0,0,Y,1,8,0.2,150,20,N,0,150,20,N,N,1,1,0,0,0,0,0,0,0,0,0,0,0,0,0,0,0,0
18,-75.72500154,44.51753269,3,600,0,0,1,1,Highdisp_hindex1.csv;Lowdisp_hindex0.csv,ClassVars_0310_Disp_lessmobile.csv;ClassVars_0310_Disp_mobile.csv,N,0,0,0,0,0,0,Y,1,8,0.2,150,20,N,0,150,20,N,N,1,1,0,0,0,0,0,0,0,0,0,0,0,0,0,0,0,0
19,-73.37500154,44.51753269,3,600,0,0,1,1,Highdisp_hindex1.csv;Lowdisp_hindex0.csv,ClassVars_0310_Disp_lessmobile.csv;ClassVars_0310_Disp_mobile.csv,N,0,0,0,0,0,0,Y,1,8,0.2,150,20,N,0,150,20,N,N,1,1,0,0,0,0,0,0,0,0,0,0,0,0,0,0,0,0
20,-73.32500154,44.51753269,3,600,0,0,1,1,Highdisp_hindex1.csv;Lowdisp_hindex0.csv,ClassVars_0310_Disp_lessmobile.csv;ClassVars_0310_Disp_mobile.csv,N,0,0,0,0,0,0,Y,1,8,0.2,150,20,N,0,150,20,N,N,1,1,0,0,0,0,0,0,0,0,0,0,0,0,0,0,0,0
21,-73.27500154,44.51753269,3,600,0,0,1,1,Highdisp_hindex1.csv;Lowdisp_hindex0.csv,ClassVars_0310_Disp_lessmobile.csv;ClassVars_0310_Disp_mobile.csv,N,0,0,0,0,0,0,Y,1,8,0.2,150,20,N,0,150,20,N,N,1,1,0,0,0,0,0,0,0,0,0,0,0,0,0,0,0,0
22,-75.72500154,44.56753269,3,600,0,0,1,1,Highdisp_hindex1.csv;Lowdisp_hindex0.csv,ClassVars_0310_Disp_lessmobile.csv;ClassVars_0310_Disp_mobile.csv,N,0,0,0,0,0,0,Y,1,8,0.2,150,20,N,0,150,20,N,N,1,1,0,0,0,0,0,0,0,0,0,0,0,0,0,0,0,0
23,-75.67500154,44.56753269,3,600,0,0,1,1,Highdisp_hindex1.csv;Lowdisp_hindex0.csv,ClassVars_0310_Disp_lessmobile.csv;ClassVars_0310_Disp_mobile.csv,N,0,0,0,0,0,0,Y,1,8,0.2,150,20,N,0,150,20,N,N,1,1,0,0,0,0,0,0,0,0,0,0,0,0,0,0,0,0
24,-73.42500154,44.56753269,3,600,0,0,1,1,Highdisp_hindex1.csv;Lowdisp_hindex0.csv,ClassVars_0310_Disp_lessmobile.csv;ClassVars_0310_Disp_mobile.csv,N,0,0,0,0,0,0,Y,1,8,0.2,150,20,N,0,150,20,N,N,1,1,0,0,0,0,0,0,0,0,0,0,0,0,0,0,0,0
25,-73.37500154,44.56753269,3,600,0,0,1,1,Highdisp_hindex1.csv;Lowdisp_hindex0.csv,ClassVars_0310_Disp_lessmobile.csv;ClassVars_0310_Disp_mobile.csv,N,0,0,0,0,0,0,Y,1,8,0.2,150,20,N,0,150,20,N,N,1,1,0,0,0,0,0,0,0,0,0,0,0,0,0,0,0,0
26,-73.32500154,44.56753269,3,600,0,0,1,1,Highdisp_hindex1.csv;Lowdisp_hindex0.csv,ClassVars_0310_Disp_lessmobile.csv;ClassVars_0310_Disp_mobile.csv,N,0,0,0,0,0,0,Y,1,8,0.2,150,20,N,0,150,20,N,N,1,1,0,0,0,0,0,0,0,0,0,0,0,0,0,0,0,0
27,-73.27500154,44.56753269,3,600,0,0,1,1,Highdisp_hindex1.csv;Lowdisp_hindex0.csv,ClassVars_0310_Disp_lessmobile.csv;ClassVars_0310_Disp_mobile.csv,N,0,0,0,0,0,0,Y,1,8,0.2,150,20,N,0,150,20,N,N,1,1,0,0,0,0,0,0,0,0,0,0,0,0,0,0,0,0
28,-73.22500154,44.56753269,3,600,0,0,1,1,Highdisp_hindex1.csv;Lowdisp_hindex0.csv,ClassVars_0310_Disp_lessmobile.csv;ClassVars_0310_Disp_mobile.csv,N,0,0,0,0,0,0,Y,1,8,0.2,150,20,N,0,150,20,N,N,1,1,0,0,0,0,0,0,0,0,0,0,0,0,0,0,0,0
29,-75.62500154,44.61753269,3,600,0,0,1,1,Highdisp_hindex1.csv;Lowdisp_hindex0.csv,ClassVars_0310_Disp_lessmobile.csv;ClassVars_0310_Disp_mobile.csv,N,0,0,0,0,0,0,Y,1,8,0.2,150,20,N,0,150,20,N,N,1,1,0,0,0,0,0,0,0,0,0,0,0,0,0,0,0,0
30,-73.42500154,44.61753269,3,600,0,0,1,1,Highdisp_hindex1.csv;Lowdisp_hindex0.csv,ClassVars_0310_Disp_lessmobile.csv;ClassVars_0310_Disp_mobile.csv,N,0,0,0,0,0,0,Y,1,8,0.2,150,20,N,0,150,20,N,N,1,1,0,0,0,0,0,0,0,0,0,0,0,0,0,0,0,0
31,-73.37500154,44.61753269,3,600,0,0,1,1,Highdisp_hindex1.csv;Lowdisp_hindex0.csv,ClassVars_0310_Disp_lessmobile.csv;ClassVars_0310_Disp_mobile.csv,N,0,0,0,0,0,0,Y,1,8,0.2,150,20,N,0,150,20,N,N,1,1,0,0,0,0,0,0,0,0,0,0,0,0,0,0,0,0
32,-73.22500154,44.61753269,3,600,0,0,1,1,Highdisp_hindex1.csv;Lowdisp_hindex0.csv,ClassVars_0310_Disp_lessmobile.csv;ClassVars_0310_Disp_mobile.csv,N,0,0,0,0,0,0,Y,1,8,0.2,150,20,N,0,150,20,N,N,1,1,0,0,0,0,0,0,0,0,0,0,0,0,0,0,0,0
33,-75.57500154,44.66753269,3,600,0,0,1,1,Highdisp_hindex1.csv;Lowdisp_hindex0.csv,ClassVars_0310_Disp_lessmobile.csv;ClassVars_0310_Disp_mobile.csv,N,0,0,0,0,0,0,Y,1,8,0.2,150,20,N,0,150,20,N,N,1,1,0,0,0,0,0,0,0,0,0,0,0,0,0,0,0,0
34,-75.52500154,44.66753269,3,600,0,0,1,1,Highdisp_hindex1.csv;Lowdisp_hindex0.csv,ClassVars_0310_Disp_lessmobile.csv;ClassVars_0310_Disp_mobile.csv,N,0,0,0,0,0,0,Y,1,8,0.2,150,20,N,0,150,20,N,N,1,1,0,0,0,0,0,0,0,0,0,0,0,0,0,0,0,0
35,-73.42500154,44.66753269,3,600,0,0,1,1,Highdisp_hindex1.csv;Lowdisp_hindex0.csv,ClassVars_0310_Disp_lessmobile.csv;ClassVars_0310_Disp_mobile.csv,N,0,0,0,0,0,0,Y,1,8,0.2,150,20,N,0,150,20,N,N,1,1,0,0,0,0,0,0,0,0,0,0,0,0,0,0,0,0
36,-73.37500154,44.66753269,3,600,0,0,1,1,Highdisp_hindex1.csv;Lowdisp_hindex0.csv,ClassVars_0310_Disp_lessmobile.csv;ClassVars_0310_Disp_mobile.csv,N,0,0,0,0,0,0,Y,1,8,0.2,150,20,N,0,150,20,N,N,1,1,0,0,0,0,0,0,0,0,0,0,0,0,0,0,0,0
37,-73.27500154,44.66753269,3,600,0,0,1,1,Highdisp_hindex1.csv;Lowdisp_hindex0.csv,ClassVars_0310_Disp_lessmobile.csv;ClassVars_0310_Disp_mobile.csv,N,0,0,0,0,0,0,Y,1,8,0.2,150,20,N,0,150,20,N,N,1,1,0,0,0,0,0,0,0,0,0,0,0,0,0,0,0,0
38,-73.22500154,44.66753269,3,600,0,0,1,1,Highdisp_hindex1.csv;Lowdisp_hindex0.csv,ClassVars_0310_Disp_lessmobile.csv;ClassVars_0310_Disp_mobile.csv,N,0,0,0,0,0,0,Y,1,8,0.2,150,20,N,0,150,20,N,N,1,1,0,0,0,0,0,0,0,0,0,0,0,0,0,0,0,0
39,-75.52500154,44.71753269,3,600,0,0,1,1,Highdisp_hindex1.csv;Lowdisp_hindex0.csv,ClassVars_0310_Disp_lessmobile.csv;ClassVars_0310_Disp_mobile.csv,N,0,0,0,0,0,0,Y,1,8,0.2,150,20,N,0,150,20,N,N,1,1,0,0,0,0,0,0,0,0,0,0,0,0,0,0,0,0
40,-75.47500154,44.71753269,3,600,0,0,1,1,Highdisp_hindex1.csv;Lowdisp_hindex0.csv,ClassVars_0310_Disp_lessmobile.csv;ClassVars_0310_Disp_mobile.csv,N,0,0,0,0,0,0,Y,1,8,0.2,150,20,N,0,150,20,N,N,1,1,0,0,0,0,0,0,0,0,0,0,0,0,0,0,0,0
41,-73.42500154,44.71753269,3,600,0,0,1,1,Highdisp_hindex1.csv;Lowdisp_hindex0.csv,ClassVars_0310_Disp_lessmobile.csv;ClassVars_0310_Disp_mobile.csv,N,0,0,0,0,0,0,Y,1,8,0.2,150,20,N,0,150,20,N,N,1,1,0,0,0,0,0,0,0,0,0,0,0,0,0,0,0,0
42,-73.37500154,44.71753269,3,600,0,0,1,1,Highdisp_hindex1.csv;Lowdisp_hindex0.csv,ClassVars_0310_Disp_lessmobile.csv;ClassVars_0310_Disp_mobile.csv,N,0,0,0,0,0,0,Y,1,8,0.2,150,20,N,0,150,20,N,N,1,1,0,0,0,0,0,0,0,0,0,0,0,0,0,0,0,0
43,-73.27500154,44.71753269,3,600,0,0,1,1,Highdisp_hindex1.csv;Lowdisp_hindex0.csv,ClassVars_0310_Disp_lessmobile.csv;ClassVars_0310_Disp_mobile.csv,N,0,0,0,0,0,0,Y,1,8,0.2,150,20,N,0,150,20,N,N,1,1,0,0,0,0,0,0,0,0,0,0,0,0,0,0,0,0
44,-73.22500154,44.71753269,3,600,0,0,1,1,Highdisp_hindex1.csv;Lowdisp_hindex0.csv,ClassVars_0310_Disp_lessmobile.csv;ClassVars_0310_Disp_mobile.csv,N,0,0,0,0,0,0,Y,1,8,0.2,150,20,N,0,150,20,N,N,1,1,0,0,0,0,0,0,0,0,0,0,0,0,0,0,0,0
45,-75.42500154,44.76753269,3,600,0,0,1,1,Highdisp_hindex1.csv;Lowdisp_hindex0.csv,ClassVars_0310_Disp_lessmobile.csv;ClassVars_0310_Disp_mobile.csv,N,0,0,0,0,0,0,Y,1,8,0.2,150,20,N,0,150,20,N,N,1,1,0,0,0,0,0,0,0,0,0,0,0,0,0,0,0,0
46,-75.37500154,44.76753269,3,600,0,0,1,1,Highdisp_hindex1.csv;Lowdisp_hindex0.csv,ClassVars_0310_Disp_lessmobile.csv;ClassVars_0310_Disp_mobile.csv,N,0,0,0,0,0,0,Y,1,8,0.2,150,20,N,0,150,20,N,N,1,1,0,0,0,0,0,0,0,0,0,0,0,0,0,0,0,0
47,-73.37500154,44.76753269,3,600,0,0,1,1,Highdisp_hindex1.csv;Lowdisp_hindex0.csv,ClassVars_0310_Disp_lessmobile.csv;ClassVars_0310_Disp_mobile.csv,N,0,0,0,0,0,0,Y,1,8,0.2,150,20,N,0,150,20,N,N,1,1,0,0,0,0,0,0,0,0,0,0,0,0,0,0,0,0
48,-73.32500154,44.76753269,3,600,0,0,1,1,Highdisp_hindex1.csv;Lowdisp_hindex0.csv,ClassVars_0310_Disp_lessmobile.csv;ClassVars_0310_Disp_mobile.csv,N,0,0,0,0,0,0,Y,1,8,0.2,150,20,N,0,150,20,N,N,1,1,0,0,0,0,0,0,0,0,0,0,0,0,0,0,0,0
49,-73.27500154,44.76753269,3,600,0,0,1,1,Highdisp_hindex1.csv;Lowdisp_hindex0.csv,ClassVars_0310_Disp_lessmobile.csv;ClassVars_0310_Disp_mobile.csv,N,0,0,0,0,0,0,Y,1,8,0.2,150,20,N,0,150,20,N,N,1,1,0,0,0,0,0,0,0,0,0,0,0,0,0,0,0,0
50,-73.22500154,44.76753269,3,600,0,0,1,1,Highdisp_hindex1.csv;Lowdisp_hindex0.csv,ClassVars_0310_Disp_lessmobile.csv;ClassVars_0310_Disp_mobile.csv,N,0,0,0,0,0,0,Y,1,8,0.2,150,20,N,0,150,20,N,N,1,1,0,0,0,0,0,0,0,0,0,0,0,0,0,0,0,0
51,-75.32500154,44.81753269,3,600,0,0,1,1,Highdisp_hindex1.csv;Lowdisp_hindex0.csv,ClassVars_0310_Disp_lessmobile.csv;ClassVars_0310_Disp_mobile.csv,N,0,0,0,0,0,0,Y,1,8,0.2,150,20,N,0,150,20,N,N,1,1,0,0,0,0,0,0,0,0,0,0,0,0,0,0,0,0
52,-73.37500154,44.81753269,3,600,0,0,1,1,Highdisp_hindex1.csv;Lowdisp_hindex0.csv,ClassVars_0310_Disp_lessmobile.csv;ClassVars_0310_Disp_mobile.csv,N,0,0,0,0,0,0,Y,1,8,0.2,150,20,N,0,150,20,N,N,1,1,0,0,0,0,0,0,0,0,0,0,0,0,0,0,0,0
53,-73.32500154,44.81753269,3,600,0,0,1,1,Highdisp_hindex1.csv;Lowdisp_hindex0.csv,ClassVars_0310_Disp_lessmobile.csv;ClassVars_0310_Disp_mobile.csv,N,0,0,0,0,0,0,Y,1,8,0.2,150,20,N,0,150,20,N,N,1,1,0,0,0,0,0,0,0,0,0,0,0,0,0,0,0,0
54,-73.27500154,44.81753269,3,600,0,0,1,1,Highdisp_hindex1.csv;Lowdisp_hindex0.csv,ClassVars_0310_Disp_lessmobile.csv;ClassVars_0310_Disp_mobile.csv,N,0,0,0,0,0,0,Y,1,8,0.2,150,20,N,0,150,20,N,N,1,1,0,0,0,0,0,0,0,0,0,0,0,0,0,0,0,0
55,-73.22500154,44.81753269,3,600,0,0,1,1,Highdisp_hindex1.csv;Lowdisp_hindex0.csv,ClassVars_0310_Disp_lessmobile.csv;ClassVars_0310_Disp_mobile.csv,N,0,0,0,0,0,0,Y,1,8,0.2,150,20,N,0,150,20,N,N,1,1,0,0,0,0,0,0,0,0,0,0,0,0,0,0,0,0
56,-73.17500154,44.81753269,3,600,0,0,1,1,Highdisp_hindex1.csv;Lowdisp_hindex0.csv,ClassVars_0310_Disp_lessmobile.csv;ClassVars_0310_Disp_mobile.csv,N,0,0,0,0,0,0,Y,1,8,0.2,150,20,N,0,150,20,N,N,1,1,0,0,0,0,0,0,0,0,0,0,0,0,0,0,0,0
57,-75.27500154,44.86753269,3,600,0,0,1,1,Highdisp_hindex1.csv;Lowdisp_hindex0.csv,ClassVars_0310_Disp_lessmobile.csv;ClassVars_0310_Disp_mobile.csv,N,0,0,0,0,0,0,Y,1,8,0.2,150,20,N,0,150,20,N,N,1,1,0,0,0,0,0,0,0,0,0,0,0,0,0,0,0,0
58,-75.22500154,44.86753269,3,600,0,0,1,1,Highdisp_hindex1.csv;Lowdisp_hindex0.csv,ClassVars_0310_Disp_lessmobile.csv;ClassVars_0310_Disp_mobile.csv,N,0,0,0,0,0,0,Y,1,8,0.2,150,20,N,0,150,20,N,N,1,1,0,0,0,0,0,0,0,0,0,0,0,0,0,0,0,0
59,-73.37500154,44.86753269,3,600,0,0,1,1,Highdisp_hindex1.csv;Lowdisp_hindex0.csv,ClassVars_0310_Disp_lessmobile.csv;ClassVars_0310_Disp_mobile.csv,N,0,0,0,0,0,0,Y,1,8,0.2,150,20,N,0,150,20,N,N,1,1,0,0,0,0,0,0,0,0,0,0,0,0,0,0,0,0
60,-73.32500154,44.86753269,3,600,0,0,1,1,Highdisp_hindex1.csv;Lowdisp_hindex0.csv,ClassVars_0310_Disp_lessmobile.csv;ClassVars_0310_Disp_mobile.csv,N,0,0,0,0,0,0,Y,1,8,0.2,150,20,N,0,150,20,N,N,1,1,0,0,0,0,0,0,0,0,0,0,0,0,0,0,0,0
61,-73.22500154,44.86753269,3,600,0,0,1,1,Highdisp_hindex1.csv;Lowdisp_hindex0.csv,ClassVars_0310_Disp_lessmobile.csv;ClassVars_0310_Disp_mobile.csv,N,0,0,0,0,0,0,Y,1,8,0.2,150,20,N,0,150,20,N,N,1,1,0,0,0,0,0,0,0,0,0,0,0,0,0,0,0,0
62,-73.17500154,44.86753269,3,600,0,0,1,1,Highdisp_hindex1.csv;Lowdisp_hindex0.csv,ClassVars_0310_Disp_lessmobile.csv;ClassVars_0310_Disp_mobile.csv,N,0,0,0,0,0,0,Y,1,8,0.2,150,20,N,0,150,20,N,N,1,1,0,0,0,0,0,0,0,0,0,0,0,0,0,0,0,0
63,-75.17500154,44.91753269,3,600,0,0,1,1,Highdisp_hindex1.csv;Lowdisp_hindex0.csv,ClassVars_0310_Disp_lessmobile.csv;ClassVars_0310_Disp_mobile.csv,N,0,0,0,0,0,0,Y,1,8,0.2,150,20,N,0,150,20,N,N,1,1,0,0,0,0,0,0,0,0,0,0,0,0,0,0,0,0
64,-75.12500154,44.91753269,3,600,0,0,1,1,Highdisp_hindex1.csv;Lowdisp_hindex0.csv,ClassVars_0310_Disp_lessmobile.csv;ClassVars_0310_Disp_mobile.csv,N,0,0,0,0,0,0,Y,1,8,0.2,150,20,N,0,150,20,N,N,1,1,0,0,0,0,0,0,0,0,0,0,0,0,0,0,0,0
65,-75.07500154,44.91753269,3,600,0,0,1,1,Highdisp_hindex1.csv;Lowdisp_hindex0.csv,ClassVars_0310_Disp_lessmobile.csv;ClassVars_0310_Disp_mobile.csv,N,0,0,0,0,0,0,Y,1,8,0.2,150,20,N,0,150,20,N,N,1,1,0,0,0,0,0,0,0,0,0,0,0,0,0,0,0,0
66,-75.02500154,44.91753269,3,600,0,0,1,1,Highdisp_hindex1.csv;Lowdisp_hindex0.csv,ClassVars_0310_Disp_lessmobile.csv;ClassVars_0310_Disp_mobile.csv,N,0,0,0,0,0,0,Y,1,8,0.2,150,20,N,0,150,20,N,N,1,1,0,0,0,0,0,0,0,0,0,0,0,0,0,0,0,0
67,-73.37500154,44.91753269,3,600,0,0,1,1,Highdisp_hindex1.csv;Lowdisp_hindex0.csv,ClassVars_0310_Disp_lessmobile.csv;ClassVars_0310_Disp_mobile.csv,N,0,0,0,0,0,0,Y,1,8,0.2,150,20,N,0,150,20,N,N,1,1,0,0,0,0,0,0,0,0,0,0,0,0,0,0,0,0
68,-73.32500154,44.91753269,3,600,0,0,1,1,Highdisp_hindex1.csv;Lowdisp_hindex0.csv,ClassVars_0310_Disp_lessmobile.csv;ClassVars_0310_Disp_mobile.csv,N,0,0,0,0,0,0,Y,1,8,0.2,150,20,N,0,150,20,N,N,1,1,0,0,0,0,0,0,0,0,0,0,0,0,0,0,0,0
69,-73.22500154,44.91753269,3,600,0,0,1,1,Highdisp_hindex1.csv;Lowdisp_hindex0.csv,ClassVars_0310_Disp_lessmobile.csv;ClassVars_0310_Disp_mobile.csv,N,0,0,0,0,0,0,Y,1,8,0.2,150,20,N,0,150,20,N,N,1,1,0,0,0,0,0,0,0,0,0,0,0,0,0,0,0,0
70,-73.17500154,44.91753269,3,600,0,0,1,1,Highdisp_hindex1.csv;Lowdisp_hindex0.csv,ClassVars_0310_Disp_lessmobile.csv;ClassVars_0310_Disp_mobile.csv,N,0,0,0,0,0,0,Y,1,8,0.2,150,20,N,0,150,20,N,N,1,1,0,0,0,0,0,0,0,0,0,0,0,0,0,0,0,0
71,-75.02500154,44.96753269,3,600,0,0,1,1,Highdisp_hindex1.csv;Lowdisp_hindex0.csv,ClassVars_0310_Disp_lessmobile.csv;ClassVars_0310_Disp_mobile.csv,N,0,0,0,0,0,0,Y,1,8,0.2,150,20,N,0,150,20,N,N,1,1,0,0,0,0,0,0,0,0,0,0,0,0,0,0,0,0
72,-74.97500154,44.96753269,3,600,0,0,1,1,Highdisp_hindex1.csv;Lowdisp_hindex0.csv,ClassVars_0310_Disp_lessmobile.csv;ClassVars_0310_Disp_mobile.csv,N,0,0,0,0,0,0,Y,1,8,0.2,150,20,N,0,150,20,N,N,1,1,0,0,0,0,0,0,0,0,0,0,0,0,0,0,0,0
73,-74.92500154,44.96753269,3,600,0,0,1,1,Highdisp_hindex1.csv;Lowdisp_hindex0.csv,ClassVars_0310_Disp_lessmobile.csv;ClassVars_0310_Disp_mobile.csv,N,0,0,0,0,0,0,Y,1,8,0.2,150,20,N,0,150,20,N,N,1,1,0,0,0,0,0,0,0,0,0,0,0,0,0,0,0,0
74,-74.87500154,44.96753269,3,600,0,0,1,1,Highdisp_hindex1.csv;Lowdisp_hindex0.csv,ClassVars_0310_Disp_lessmobile.csv;ClassVars_0310_Disp_mobile.csv,N,0,0,0,0,0,0,Y,1,8,0.2,150,20,N,0,150,20,N,N,1,1,0,0,0,0,0,0,0,0,0,0,0,0,0,0,0,0
75,-73.32500154,44.96753269,3,600,0,0,1,1,Highdisp_hindex1.csv;Lowdisp_hindex0.csv,ClassVars_0310_Disp_lessmobile.csv;ClassVars_0310_Disp_mobile.csv,N,0,0,0,0,0,0,Y,1,8,0.2,150,20,N,0,150,20,N,N,1,1,0,0,0,0,0,0,0,0,0,0,0,0,0,0,0,0
76,-73.22500154,44.96753269,3,600,0,0,1,1,Highdisp_hindex1.csv;Lowdisp_hindex0.csv,ClassVars_0310_Disp_lessmobile.csv;ClassVars_0310_Disp_mobile.csv,N,0,0,0,0,0,0,Y,1,8,0.2,150,20,N,0,150,20,N,N,1,1,0,0,0,0,0,0,0,0,0,0,0,0,0,0,0,0
77,-74.97500154,45.01753269,3,600,0,0,1,1,Highdisp_hindex1.csv;Lowdisp_hindex0.csv,ClassVars_0310_Disp_lessmobile.csv;ClassVars_0310_Disp_mobile.csv,N,0,0,0,0,0,0,Y,1,8,0.2,150,20,N,0,150,20,N,N,1,1,0,0,0,0,0,0,0,0,0,0,0,0,0,0,0,0
78,-74.92500154,45.01753269,3,600,0,0,1,1,Highdisp_hindex1.csv;Lowdisp_hindex0.csv,ClassVars_0310_Disp_lessmobile.csv;ClassVars_0310_Disp_mobile.csv,N,0,0,0,0,0,0,Y,1,8,0.2,150,20,N,0,150,20,N,N,1,1,0,0,0,0,0,0,0,0,0,0,0,0,0,0,0,0
79,-74.87500154,45.01753269,3,600,0,0,1,1,Highdisp_hindex1.csv;Lowdisp_hindex0.csv,ClassVars_0310_Disp_lessmobile.csv;ClassVars_0310_Disp_mobile.csv,N,0,0,0,0,0,0,Y,1,8,0.2,150,20,N,0,150,20,N,N,1,1,0,0,0,0,0,0,0,0,0,0,0,0,0,0,0,0
80,-74.82500154,45.01753269,3,600,0,0,1,1,Highdisp_hindex1.csv;Lowdisp_hindex0.csv,ClassVars_0310_Disp_lessmobile.csv;ClassVars_0310_Disp_mobile.csv,N,0,0,0,0,0,0,Y,1,8,0.2,150,20,N,0,150,20,N,N,1,1,0,0,0,0,0,0,0,0,0,0,0,0,0,0,0,0
81,-74.77500154,45.01753269,3,600,0,0,1,1,Highdisp_hindex1.csv;Lowdisp_hindex0.csv,ClassVars_0310_Disp_lessmobile.csv;ClassVars_0310_Disp_mobile.csv,N,0,0,0,0,0,0,Y,1,8,0.2,150,20,N,0,150,20,N,N,1,1,0,0,0,0,0,0,0,0,0,0,0,0,0,0,0,0
82,-74.72500154,45.01753269,3,600,0,0,1,1,Highdisp_hindex1.csv;Lowdisp_hindex0.csv,ClassVars_0310_Disp_lessmobile.csv;ClassVars_0310_Disp_mobile.csv,N,0,0,0,0,0,0,Y,1,8,0.2,150,20,N,0,150,20,N,N,1,1,0,0,0,0,0,0,0,0,0,0,0,0,0,0,0,0
83,-74.67500154,45.01753269,3,600,0,0,1,1,Highdisp_hindex1.csv;Lowdisp_hindex0.csv,ClassVars_0310_Disp_lessmobile.csv;ClassVars_0310_Disp_mobile.csv,N,0,0,0,0,0,0,Y,1,8,0.2,150,20,N,0,150,20,N,N,1,1,0,0,0,0,0,0,0,0,0,0,0,0,0,0,0,0
84,-74.62500154,45.01753269,3,600,0,0,1,1,Highdisp_hindex1.csv;Lowdisp_hindex0.csv,ClassVars_0310_Disp_lessmobile.csv;ClassVars_0310_Disp_mobile.csv,N,0,0,0,0,0,0,Y,1,8,0.2,150,20,N,0,150,20,N,N,1,1,0,0,0,0,0,0,0,0,0,0,0,0,0,0,0,0
85,-74.57500154,45.01753269,3,600,0,0,1,1,Highdisp_hindex1.csv;Lowdisp_hindex0.csv,ClassVars_0310_Disp_lessmobile.csv;ClassVars_0310_Disp_mobile.csv,N,0,0,0,0,0,0,Y,1,8,0.2,150,20,N,0,150,20,N,N,1,1,0,0,0,0,0,0,0,0,0,0,0,0,0,0,0,0
86,-73.32500154,45.01753269,3,600,0,0,1,1,Highdisp_hindex1.csv;Lowdisp_hindex0.csv,ClassVars_0310_Disp_lessmobile.csv;ClassVars_0310_Disp_mobile.csv,N,0,0,0,0,0,0,Y,1,8,0.2,150,20,N,0,150,20,N,N,1,1,0,0,0,0,0,0,0,0,0,0,0,0,0,0,0,0
87,-73.17500154,45.01753269,3,600,0,0,1,1,Highdisp_hindex1.csv;Lowdisp_hindex0.csv,ClassVars_0310_Disp_lessmobile.csv;ClassVars_0310_Disp_mobile.csv,N,0,0,0,0,0,0,Y,1,8,0.2,150,20,N,0,150,20,N,N,1,1,0,0,0,0,0,0,0,0,0,0,0,0,0,0,0,0
88,-73.12500154,45.01753269,3,600,0,0,1,1,Highdisp_hindex1.csv;Lowdisp_hindex0.csv,ClassVars_0310_Disp_lessmobile.csv;ClassVars_0310_Disp_mobile.csv,N,0,0,0,0,0,0,Y,1,8,0.2,150,20,N,0,150,20,N,N,1,1,0,0,0,0,0,0,0,0,0,0,0,0,0,0,0,0
89,-74.52500154,45.06753269,3,600,0,0,1,1,Highdisp_hindex1.csv;Lowdisp_hindex0.csv,ClassVars_0310_Disp_lessmobile.csv;ClassVars_0310_Disp_mobile.csv,N,0,0,0,0,0,0,Y,1,8,0.2,150,20,N,0,150,20,N,N,1,1,0,0,0,0,0,0,0,0,0,0,0,0,0,0,0,0
90,-74.47500154,45.06753269,3,600,0,0,1,1,Highdisp_hindex1.csv;Lowdisp_hindex0.csv,ClassVars_0310_Disp_lessmobile.csv;ClassVars_0310_Disp_mobile.csv,N,0,0,0,0,0,0,Y,1,8,0.2,150,20,N,0,150,20,N,N,1,1,0,0,0,0,0,0,0,0,0,0,0,0,0,0,0,0
91,-73.32500154,45.06753269,3,600,0,100,1,1,Highdisp_hindex1.csv;Lowdisp_hindex0.csv,ClassVars_0310_Disp_lessmobile.csv;ClassVars_0310_Disp_mobile.csv,N,0,0,0,0,0,0,Y,1,8,0.2,150,20,N,0,150,20,N,N,1,1,0,0,0,0,0,0,0,0,0,0,0,0,0,0,0,0
92,-73.12500154,45.06753269,3,600,0,0,1,1,Highdisp_hindex1.csv;Lowdisp_hindex0.csv,ClassVars_0310_Disp_lessmobile.csv;ClassVars_0310_Disp_mobile.csv,N,0,0,0,0,0,0,Y,1,8,0.2,150,20,N,0,150,20,N,N,1,1,0,0,0,0,0,0,0,0,0,0,0,0,0,0,0,0
93,-74.47500154,45.11753269,3,600,0,0,1,1,Highdisp_hindex1.csv;Lowdisp_hindex0.csv,ClassVars_0310_Disp_lessmobile.csv;ClassVars_0310_Disp_mobile.csv,N,0,0,0,0,0,0,Y,1,8,0.2,150,20,N,0,150,20,N,N,1,1,0,0,0,0,0,0,0,0,0,0,0,0,0,0,0,0
94,-74.42500154,45.11753269,3,600,0,0,1,1,Highdisp_hindex1.csv;Lowdisp_hindex0.csv,ClassVars_0310_Disp_lessmobile.csv;ClassVars_0310_Disp_mobile.csv,N,0,0,0,0,0,0,Y,1,8,0.2,150,20,N,0,150,20,N,N,1,1,0,0,0,0,0,0,0,0,0,0,0,0,0,0,0,0
95,-73.27500154,45.11753269,3,600,0,0,1,1,Highdisp_hindex1.csv;Lowdisp_hindex0.csv,ClassVars_0310_Disp_lessmobile.csv;ClassVars_0310_Disp_mobile.csv,N,0,0,0,0,0,0,Y,1,8,0.2,150,20,N,0,150,20,N,N,1,1,0,0,0,0,0,0,0,0,0,0,0,0,0,0,0,0
96,-74.42500154,45.16753269,3,600,0,0,1,1,Highdisp_hindex1.csv;Lowdisp_hindex0.csv,ClassVars_0310_Disp_lessmobile.csv;ClassVars_0310_Disp_mobile.csv,N,0,0,0,0,0,0,Y,1,8,0.2,150,20,N,0,150,20,N,N,1,1,0,0,0,0,0,0,0,0,0,0,0,0,0,0,0,0
97,-74.37500154,45.16753269,3,600,0,0,1,1,Highdisp_hindex1.csv;Lowdisp_hindex0.csv,ClassVars_0310_Disp_lessmobile.csv;ClassVars_0310_Disp_mobile.csv,N,0,0,0,0,0,0,Y,1,8,0.2,150,20,N,0,150,20,N,N,1,1,0,0,0,0,0,0,0,0,0,0,0,0,0,0,0,0
98,-74.32500154,45.16753269,3,600,0,0,1,1,Highdisp_hindex1.csv;Lowdisp_hindex0.csv,ClassVars_0310_Disp_lessmobile.csv;ClassVars_0310_Disp_mobile.csv,N,0,0,0,0,0,0,Y,1,8,0.2,150,20,N,0,150,20,N,N,1,1,0,0,0,0,0,0,0,0,0,0,0,0,0,0,0,0
99,-74.27500154,45.16753269,3,600,0,0,1,1,Highdisp_hindex1.csv;Lowdisp_hindex0.csv,ClassVars_0310_Disp_lessmobile.csv;ClassVars_0310_Disp_mobile.csv,N,0,0,0,0,0,0,Y,1,8,0.2,150,20,N,0,150,20,N,N,1,1,0,0,0,0,0,0,0,0,0,0,0,0,0,0,0,0
100,-74.22500154,45.16753269,3,600,0,0,1,1,Highdisp_hindex1.csv;Lowdisp_hindex0.csv,ClassVars_0310_Disp_lessmobile.csv;ClassVars_0310_Disp_mobile.csv,N,0,0,0,0,0,0,Y,1,8,0.2,150,20,N,0,150,20,N,N,1,1,0,0,0,0,0,0,0,0,0,0,0,0,0,0,0,0
101,-73.27500154,45.16753269,3,600,0,0,1,1,Highdisp_hindex1.csv;Lowdisp_hindex0.csv,ClassVars_0310_Disp_lessmobile.csv;ClassVars_0310_Disp_mobile.csv,N,0,0,0,0,0,0,Y,1,8,0.2,150,20,N,0,150,20,N,N,1,1,0,0,0,0,0,0,0,0,0,0,0,0,0,0,0,0
102,-74.27500154,45.21753269,3,600,0,0,1,1,Highdisp_hindex1.csv;Lowdisp_hindex0.csv,ClassVars_0310_Disp_lessmobile.csv;ClassVars_0310_Disp_mobile.csv,N,0,0,0,0,0,0,Y,1,8,0.2,150,20,N,0,150,20,N,N,1,1,0,0,0,0,0,0,0,0,0,0,0,0,0,0,0,0
103,-74.22500154,45.21753269,3,600,0,0,1,1,Highdisp_hindex1.csv;Lowdisp_hindex0.csv,ClassVars_0310_Disp_lessmobile.csv;ClassVars_0310_Disp_mobile.csv,N,0,0,0,0,0,0,Y,1,8,0.2,150,20,N,0,150,20,N,N,1,1,0,0,0,0,0,0,0,0,0,0,0,0,0,0,0,0
104,-74.17500154,45.21753269,3,600,0,0,1,1,Highdisp_hindex1.csv;Lowdisp_hindex0.csv,ClassVars_0310_Disp_lessmobile.csv;ClassVars_0310_Disp_mobile.csv,N,0,0,0,0,0,0,Y,1,8,0.2,150,20,N,0,150,20,N,N,1,1,0,0,0,0,0,0,0,0,0,0,0,0,0,0,0,0
105,-74.12500154,45.21753269,3,600,0,0,1,1,Highdisp_hindex1.csv;Lowdisp_hindex0.csv,ClassVars_0310_Disp_lessmobile.csv;ClassVars_0310_Disp_mobile.csv,N,0,0,0,0,0,0,Y,1,8,0.2,150,20,N,0,150,20,N,N,1,1,0,0,0,0,0,0,0,0,0,0,0,0,0,0,0,0
106,-74.07500154,45.21753269,3,600,0,0,1,1,Highdisp_hindex1.csv;Lowdisp_hindex0.csv,ClassVars_0310_Disp_lessmobile.csv;ClassVars_0310_Disp_mobile.csv,N,0,0,0,0,0,0,Y,1,8,0.2,150,20,N,0,150,20,N,N,1,1,0,0,0,0,0,0,0,0,0,0,0,0,0,0,0,0
107,-74.02500154,45.21753269,3,600,0,0,1,1,Highdisp_hindex1.csv;Lowdisp_hindex0.csv,ClassVars_0310_Disp_lessmobile.csv;ClassVars_0310_Disp_mobile.csv,N,0,0,0,0,0,0,Y,1,8,0.2,150,20,N,0,150,20,N,N,1,1,0,0,0,0,0,0,0,0,0,0,0,0,0,0,0,0
108,-73.97500154,45.21753269,3,600,0,0,1,1,Highdisp_hindex1.csv;Lowdisp_hindex0.csv,ClassVars_0310_Disp_lessmobile.csv;ClassVars_0310_Disp_mobile.csv,N,0,0,0,0,0,0,Y,1,8,0.2,150,20,N,0,150,20,N,N,1,1,0,0,0,0,0,0,0,0,0,0,0,0,0,0,0,0
109,-73.27500154,45.21753269,3,600,0,0,1,1,Highdisp_hindex1.csv;Lowdisp_hindex0.csv,ClassVars_0310_Disp_lessmobile.csv;ClassVars_0310_Disp_mobile.csv,N,0,0,0,0,0,0,Y,1,8,0.2,150,20,N,0,150,20,N,N,1,1,0,0,0,0,0,0,0,0,0,0,0,0,0,0,0,0
110,-73.22500154,45.21753269,3,600,0,0,1,1,Highdisp_hindex1.csv;Lowdisp_hindex0.csv,ClassVars_0310_Disp_lessmobile.csv;ClassVars_0310_Disp_mobile.csv,N,0,0,0,0,0,0,Y,1,8,0.2,150,20,N,0,150,20,N,N,1,1,0,0,0,0,0,0,0,0,0,0,0,0,0,0,0,0
111,-74.17500154,45.26753269,3,600,0,0,1,1,Highdisp_hindex1.csv;Lowdisp_hindex0.csv,ClassVars_0310_Disp_lessmobile.csv;ClassVars_0310_Disp_mobile.csv,N,0,0,0,0,0,0,Y,1,8,0.2,150,20,N,0,150,20,N,N,1,1,0,0,0,0,0,0,0,0,0,0,0,0,0,0,0,0
112,-74.12500154,45.26753269,3,600,0,0,1,1,Highdisp_hindex1.csv;Lowdisp_hindex0.csv,ClassVars_0310_Disp_lessmobile.csv;ClassVars_0310_Disp_mobile.csv,N,0,0,0,0,0,0,Y,1,8,0.2,150,20,N,0,150,20,N,N,1,1,0,0,0,0,0,0,0,0,0,0,0,0,0,0,0,0
113,-73.97500154,45.26753269,3,600,0,0,1,1,Highdisp_hindex1.csv;Lowdisp_hindex0.csv,ClassVars_0310_Disp_lessmobile.csv;ClassVars_0310_Disp_mobile.csv,N,0,0,0,0,0,0,Y,1,8,0.2,150,20,N,0,150,20,N,N,1,1,0,0,0,0,0,0,0,0,0,0,0,0,0,0,0,0
114,-73.92500154,45.26753269,3,600,0,0,1,1,Highdisp_hindex1.csv;Lowdisp_hindex0.csv,ClassVars_0310_Disp_lessmobile.csv;ClassVars_0310_Disp_mobile.csv,N,0,0,0,0,0,0,Y,1,8,0.2,150,20,N,0,150,20,N,N,1,1,0,0,0,0,0,0,0,0,0,0,0,0,0,0,0,0
115,-73.27500154,45.26753269,3,600,0,0,1,1,Highdisp_hindex1.csv;Lowdisp_hindex0.csv,ClassVars_0310_Disp_lessmobile.csv;ClassVars_0310_Disp_mobile.csv,N,0,0,0,0,0,0,Y,1,8,0.2,150,20,N,0,150,20,N,N,1,1,0,0,0,0,0,0,0,0,0,0,0,0,0,0,0,0
116,-73.22500154,45.26753269,3,600,0,0,1,1,Highdisp_hindex1.csv;Lowdisp_hindex0.csv,ClassVars_0310_Disp_lessmobile.csv;ClassVars_0310_Disp_mobile.csv,N,0,0,0,0,0,0,Y,1,8,0.2,150,20,N,0,150,20,N,N,1,1,0,0,0,0,0,0,0,0,0,0,0,0,0,0,0,0
117,-74.02500154,45.31753269,3,600,0,0,1,1,Highdisp_hindex1.csv;Lowdisp_hindex0.csv,ClassVars_0310_Disp_lessmobile.csv;ClassVars_0310_Disp_mobile.csv,N,0,0,0,0,0,0,Y,1,8,0.2,150,20,N,0,150,20,N,N,1,1,0,0,0,0,0,0,0,0,0,0,0,0,0,0,0,0
118,-73.97500154,45.31753269,3,600,0,0,1,1,Highdisp_hindex1.csv;Lowdisp_hindex0.csv,ClassVars_0310_Disp_lessmobile.csv;ClassVars_0310_Disp_mobile.csv,N,0,0,0,0,0,0,Y,1,8,0.2,150,20,N,0,150,20,N,N,1,1,0,0,0,0,0,0,0,0,0,0,0,0,0,0,0,0
119,-73.92500154,45.31753269,3,600,0,0,1,1,Highdisp_hindex1.csv;Lowdisp_hindex0.csv,ClassVars_0310_Disp_lessmobile.csv;ClassVars_0310_Disp_mobile.csv,N,0,0,0,0,0,0,Y,1,8,0.2,150,20,N,0,150,20,N,N,1,1,0,0,0,0,0,0,0,0,0,0,0,0,0,0,0,0
120,-73.87500154,45.31753269,3,600,0,0,1,1,Highdisp_hindex1.csv;Lowdisp_hindex0.csv,ClassVars_0310_Disp_lessmobile.csv;ClassVars_0310_Disp_mobile.csv,N,0,0,0,0,0,0,Y,1,8,0.2,150,20,N,0,150,20,N,N,1,1,0,0,0,0,0,0,0,0,0,0,0,0,0,0,0,0
121,-73.27500154,45.31753269,3,600,0,0,1,1,Highdisp_hindex1.csv;Lowdisp_hindex0.csv,ClassVars_0310_Disp_lessmobile.csv;ClassVars_0310_Disp_mobile.csv,N,0,0,0,0,0,0,Y,1,8,0.2,150,20,N,0,150,20,N,N,1,1,0,0,0,0,0,0,0,0,0,0,0,0,0,0,0,0
122,-73.22500154,45.31753269,3,600,0,0,1,1,Highdisp_hindex1.csv;Lowdisp_hindex0.csv,ClassVars_0310_Disp_lessmobile.csv;ClassVars_0310_Disp_mobile.csv,N,0,0,0,0,0,0,Y,1,8,0.2,150,20,N,0,150,20,N,N,1,1,0,0,0,0,0,0,0,0,0,0,0,0,0,0,0,0
123,-74.02500154,45.36753269,3,600,0,0,1,1,Highdisp_hindex1.csv;Lowdisp_hindex0.csv,ClassVars_0310_Disp_lessmobile.csv;ClassVars_0310_Disp_mobile.csv,N,0,0,0,0,0,0,Y,1,8,0.2,150,20,N,0,150,20,N,N,1,1,0,0,0,0,0,0,0,0,0,0,0,0,0,0,0,0
124,-73.87500154,45.36753269,3,600,0,0,1,1,Highdisp_hindex1.csv;Lowdisp_hindex0.csv,ClassVars_0310_Disp_lessmobile.csv;ClassVars_0310_Disp_mobile.csv,N,0,0,0,0,0,0,Y,1,8,0.2,150,20,N,0,150,20,N,N,1,1,0,0,0,0,0,0,0,0,0,0,0,0,0,0,0,0
125,-73.82500154,45.36753269,3,600,0,0,1,1,Highdisp_hindex1.csv;Lowdisp_hindex0.csv,ClassVars_0310_Disp_lessmobile.csv;ClassVars_0310_Disp_mobile.csv,N,0,0,0,0,0,0,Y,1,8,0.2,150,20,N,0,150,20,N,N,1,1,0,0,0,0,0,0,0,0,0,0,0,0,0,0,0,0
126,-73.77500154,45.36753269,3,600,0,0,1,1,Highdisp_hindex1.csv;Lowdisp_hindex0.csv,ClassVars_0310_Disp_lessmobile.csv;ClassVars_0310_Disp_mobile.csv,N,0,0,0,0,0,0,Y,1,8,0.2,150,20,N,0,150,20,N,N,1,1,0,0,0,0,0,0,0,0,0,0,0,0,0,0,0,0
127,-73.72500154,45.36753269,3,600,0,0,1,1,Highdisp_hindex1.csv;Lowdisp_hindex0.csv,ClassVars_0310_Disp_lessmobile.csv;ClassVars_0310_Disp_mobile.csv,N,0,0,0,0,0,0,Y,1,8,0.2,150,20,N,0,150,20,N,N,1,1,0,0,0,0,0,0,0,0,0,0,0,0,0,0,0,0
128,-73.27500154,45.36753269,3,600,0,0,1,1,Highdisp_hindex1.csv;Lowdisp_hindex0.csv,ClassVars_0310_Disp_lessmobile.csv;ClassVars_0310_Disp_mobile.csv,N,0,0,0,0,0,0,Y,1,8,0.2,150,20,N,0,150,20,N,N,1,1,0,0,0,0,0,0,0,0,0,0,0,0,0,0,0,0
129,-74.02500154,45.41753269,3,600,0,0,1,1,Highdisp_hindex1.csv;Lowdisp_hindex0.csv,ClassVars_0310_Disp_lessmobile.csv;ClassVars_0310_Disp_mobile.csv,N,0,0,0,0,0,0,Y,1,8,0.2,150,20,N,0,150,20,N,N,1,1,0,0,0,0,0,0,0,0,0,0,0,0,0,0,0,0
130,-73.97500154,45.41753269,3,600,0,0,1,1,Highdisp_hindex1.csv;Lowdisp_hindex0.csv,ClassVars_0310_Disp_lessmobile.csv;ClassVars_0310_Disp_mobile.csv,N,0,0,0,0,0,0,Y,1,8,0.2,150,20,N,0,150,20,N,N,1,1,0,0,0,0,0,0,0,0,0,0,0,0,0,0,0,0
131,-73.87500154,45.41753269,3,600,0,0,1,1,Highdisp_hindex1.csv;Lowdisp_hindex0.csv,ClassVars_0310_Disp_lessmobile.csv;ClassVars_0310_Disp_mobile.csv,N,0,0,0,0,0,0,Y,1,8,0.2,150,20,N,0,150,20,N,N,1,1,0,0,0,0,0,0,0,0,0,0,0,0,0,0,0,0
132,-73.82500154,45.41753269,3,600,0,0,1,1,Highdisp_hindex1.csv;Lowdisp_hindex0.csv,ClassVars_0310_Disp_lessmobile.csv;ClassVars_0310_Disp_mobile.csv,N,0,0,0,0,0,0,Y,1,8,0.2,150,20,N,0,150,20,N,N,1,1,0,0,0,0,0,0,0,0,0,0,0,0,0,0,0,0
133,-73.77500154,45.41753269,3,600,0,0,1,1,Highdisp_hindex1.csv;Lowdisp_hindex0.csv,ClassVars_0310_Disp_lessmobile.csv;ClassVars_0310_Disp_mobile.csv,N,0,0,0,0,0,0,Y,1,8,0.2,150,20,N,0,150,20,N,N,1,1,0,0,0,0,0,0,0,0,0,0,0,0,0,0,0,0
134,-73.72500154,45.41753269,3,600,0,0,1,1,Highdisp_hindex1.csv;Lowdisp_hindex0.csv,ClassVars_0310_Disp_lessmobile.csv;ClassVars_0310_Disp_mobile.csv,N,0,0,0,0,0,0,Y,1,8,0.2,150,20,N,0,150,20,N,N,1,1,0,0,0,0,0,0,0,0,0,0,0,0,0,0,0,0
135,-73.67500154,45.41753269,3,600,0,0,1,1,Highdisp_hindex1.csv;Lowdisp_hindex0.csv,ClassVars_0310_Disp_lessmobile.csv;ClassVars_0310_Disp_mobile.csv,N,0,0,0,0,0,0,Y,1,8,0.2,150,20,N,0,150,20,N,N,1,1,0,0,0,0,0,0,0,0,0,0,0,0,0,0,0,0
136,-73.62500154,45.41753269,3,600,0,0,1,1,Highdisp_hindex1.csv;Lowdisp_hindex0.csv,ClassVars_0310_Disp_lessmobile.csv;ClassVars_0310_Disp_mobile.csv,N,0,0,0,0,0,0,Y,1,8,0.2,150,20,N,0,150,20,N,N,1,1,0,0,0,0,0,0,0,0,0,0,0,0,0,0,0,0
137,-73.57500154,45.41753269,3,600,0,0,1,1,Highdisp_hindex1.csv;Lowdisp_hindex0.csv,ClassVars_0310_Disp_lessmobile.csv;ClassVars_0310_Disp_mobile.csv,N,0,0,0,0,0,0,Y,1,8,0.2,150,20,N,0,150,20,N,N,1,1,0,0,0,0,0,0,0,0,0,0,0,0,0,0,0,0
138,-73.52500154,45.41753269,3,600,0,0,1,1,Highdisp_hindex1.csv;Lowdisp_hindex0.csv,ClassVars_0310_Disp_lessmobile.csv;ClassVars_0310_Disp_mobile.csv,N,0,0,0,0,0,0,Y,1,8,0.2,150,20,N,0,150,20,N,N,1,1,0,0,0,0,0,0,0,0,0,0,0,0,0,0,0,0
139,-73.27500154,45.41753269,3,600,0,0,1,1,Highdisp_hindex1.csv;Lowdisp_hindex0.csv,ClassVars_0310_Disp_lessmobile.csv;ClassVars_0310_Disp_mobile.csv,N,0,0,0,0,0,0,Y,1,8,0.2,150,20,N,0,150,20,N,N,1,1,0,0,0,0,0,0,0,0,0,0,0,0,0,0,0,0
140,-74.17500154,45.46753269,3,600,0,0,1,1,Highdisp_hindex1.csv;Lowdisp_hindex0.csv,ClassVars_0310_Disp_lessmobile.csv;ClassVars_0310_Disp_mobile.csv,N,0,0,0,0,0,0,Y,1,8,0.2,150,20,N,0,150,20,N,N,1,1,0,0,0,0,0,0,0,0,0,0,0,0,0,0,0,0
141,-74.12500154,45.46753269,3,600,0,0,1,1,Highdisp_hindex1.csv;Lowdisp_hindex0.csv,ClassVars_0310_Disp_lessmobile.csv;ClassVars_0310_Disp_mobile.csv,N,0,0,0,0,0,0,Y,1,8,0.2,150,20,N,0,150,20,N,N,1,1,0,0,0,0,0,0,0,0,0,0,0,0,0,0,0,0
142,-74.07500154,45.46753269,3,600,0,0,1,1,Highdisp_hindex1.csv;Lowdisp_hindex0.csv,ClassVars_0310_Disp_lessmobile.csv;ClassVars_0310_Disp_mobile.csv,N,0,0,0,0,0,0,Y,1,8,0.2,150,20,N,0,150,20,N,N,1,1,0,0,0,0,0,0,0,0,0,0,0,0,0,0,0,0
143,-74.02500154,45.46753269,3,600,0,0,1,1,Highdisp_hindex1.csv;Lowdisp_hindex0.csv,ClassVars_0310_Disp_lessmobile.csv;ClassVars_0310_Disp_mobile.csv,N,0,0,0,0,0,0,Y,1,8,0.2,150,20,N,0,150,20,N,N,1,1,0,0,0,0,0,0,0,0,0,0,0,0,0,0,0,0
144,-73.97500154,45.46753269,3,600,0,0,1,1,Highdisp_hindex1.csv;Lowdisp_hindex0.csv,ClassVars_0310_Disp_lessmobile.csv;ClassVars_0310_Disp_mobile.csv,N,0,0,0,0,0,0,Y,1,8,0.2,150,20,N,0,150,20,N,N,1,1,0,0,0,0,0,0,0,0,0,0,0,0,0,0,0,0
145,-73.57500154,45.46753269,3,600,0,0,1,1,Highdisp_hindex1.csv;Lowdisp_hindex0.csv,ClassVars_0310_Disp_lessmobile.csv;ClassVars_0310_Disp_mobile.csv,N,0,0,0,0,0,0,Y,1,8,0.2,150,20,N,0,150,20,N,N,1,1,0,0,0,0,0,0,0,0,0,0,0,0,0,0,0,0
146,-73.52500154,45.46753269,3,600,0,0,1,1,Highdisp_hindex1.csv;Lowdisp_hindex0.csv,ClassVars_0310_Disp_lessmobile.csv;ClassVars_0310_Disp_mobile.csv,N,0,0,0,0,0,0,Y,1,8,0.2,150,20,N,0,150,20,N,N,1,1,0,0,0,0,0,0,0,0,0,0,0,0,0,0,0,0
147,-73.27500154,45.46753269,3,600,0,0,1,1,Highdisp_hindex1.csv;Lowdisp_hindex0.csv,ClassVars_0310_Disp_lessmobile.csv;ClassVars_0310_Disp_mobile.csv,N,0,0,0,0,0,0,Y,1,8,0.2,150,20,N,0,150,20,N,N,1,1,0,0,0,0,0,0,0,0,0,0,0,0,0,0,0,0
148,-74.27500154,45.51753269,3,600,0,0,1,1,Highdisp_hindex1.csv;Lowdisp_hindex0.csv,ClassVars_0310_Disp_lessmobile.csv;ClassVars_0310_Disp_mobile.csv,N,0,0,0,0,0,0,Y,1,8,0.2,150,20,N,0,150,20,N,N,1,1,0,0,0,0,0,0,0,0,0,0,0,0,0,0,0,0
149,-74.22500154,45.51753269,3,600,0,0,1,1,Highdisp_hindex1.csv;Lowdisp_hindex0.csv,ClassVars_0310_Disp_lessmobile.csv;ClassVars_0310_Disp_mobile.csv,N,0,0,0,0,0,0,Y,1,8,0.2,150,20,N,0,150,20,N,N,1,1,0,0,0,0,0,0,0,0,0,0,0,0,0,0,0,0
150,-74.17500154,45.51753269,3,600,0,0,1,1,Highdisp_hindex1.csv;Lowdisp_hindex0.csv,ClassVars_0310_Disp_lessmobile.csv;ClassVars_0310_Disp_mobile.csv,N,0,0,0,0,0,0,Y,1,8,0.2,150,20,N,0,150,20,N,N,1,1,0,0,0,0,0,0,0,0,0,0,0,0,0,0,0,0
151,-73.52500154,45.51753269,3,600,0,0,1,1,Highdisp_hindex1.csv;Lowdisp_hindex0.csv,ClassVars_0310_Disp_lessmobile.csv;ClassVars_0310_Disp_mobile.csv,N,0,0,0,0,0,0,Y,1,8,0.2,150,20,N,0,150,20,N,N,1,1,0,0,0,0,0,0,0,0,0,0,0,0,0,0,0,0
152,-73.22500154,45.51753269,3,600,0,0,1,1,Highdisp_hindex1.csv;Lowdisp_hindex0.csv,ClassVars_0310_Disp_lessmobile.csv;ClassVars_0310_Disp_mobile.csv,N,0,0,0,0,0,0,Y,1,8,0.2,150,20,N,0,150,20,N,N,1,1,0,0,0,0,0,0,0,0,0,0,0,0,0,0,0,0
153,-73.47500154,45.56753269,3,600,0,0,1,1,Highdisp_hindex1.csv;Lowdisp_hindex0.csv,ClassVars_0310_Disp_lessmobile.csv;ClassVars_0310_Disp_mobile.csv,N,0,0,0,0,0,0,Y,1,8,0.2,150,20,N,0,150,20,N,N,1,1,0,0,0,0,0,0,0,0,0,0,0,0,0,0,0,0
154,-73.22500154,45.56753269,3,600,0,0,1,1,Highdisp_hindex1.csv;Lowdisp_hindex0.csv,ClassVars_0310_Disp_lessmobile.csv;ClassVars_0310_Disp_mobile.csv,N,0,0,0,0,0,0,Y,1,8,0.2,150,20,N,0,150,20,N,N,1,1,0,0,0,0,0,0,0,0,0,0,0,0,0,0,0,0
155,-73.47500154,45.61753269,3,600,0,0,1,1,Highdisp_hindex1.csv;Lowdisp_hindex0.csv,ClassVars_0310_Disp_lessmobile.csv;ClassVars_0310_Disp_mobile.csv,N,0,0,0,0,0,0,Y,1,8,0.2,150,20,N,0,150,20,N,N,1,1,0,0,0,0,0,0,0,0,0,0,0,0,0,0,0,0
156,-73.22500154,45.61753269,3,600,0,0,1,1,Highdisp_hindex1.csv;Lowdisp_hindex0.csv,ClassVars_0310_Disp_lessmobile.csv;ClassVars_0310_Disp_mobile.csv,N,0,0,0,0,0,0,Y,1,8,0.2,150,20,N,0,150,20,N,N,1,1,0,0,0,0,0,0,0,0,0,0,0,0,0,0,0,0
157,-73.17500154,45.61753269,3,600,0,0,1,1,Highdisp_hindex1.csv;Lowdisp_hindex0.csv,ClassVars_0310_Disp_lessmobile.csv;ClassVars_0310_Disp_mobile.csv,N,0,0,0,0,0,0,Y,1,8,0.2,150,20,N,0,150,20,N,N,1,1,0,0,0,0,0,0,0,0,0,0,0,0,0,0,0,0
158,-73.47500154,45.66753269,3,600,0,0,1,1,Highdisp_hindex1.csv;Lowdisp_hindex0.csv,ClassVars_0310_Disp_lessmobile.csv;ClassVars_0310_Disp_mobile.csv,N,0,0,0,0,0,0,Y,1,8,0.2,150,20,N,0,150,20,N,N,1,1,0,0,0,0,0,0,0,0,0,0,0,0,0,0,0,0
159,-73.17500154,45.66753269,3,600,0,0,1,1,Highdisp_hindex1.csv;Lowdisp_hindex0.csv,ClassVars_0310_Disp_lessmobile.csv;ClassVars_0310_Disp_mobile.csv,N,0,0,0,0,0,0,Y,1,8,0.2,150,20,N,0,150,20,N,N,1,1,0,0,0,0,0,0,0,0,0,0,0,0,0,0,0,0
160,-73.47500154,45.71753269,3,600,0,0,1,1,Highdisp_hindex1.csv;Lowdisp_hindex0.csv,ClassVars_0310_Disp_lessmobile.csv;ClassVars_0310_Disp_mobile.csv,N,0,0,0,0,0,0,Y,1,8,0.2,150,20,N,0,150,20,N,N,1,1,0,0,0,0,0,0,0,0,0,0,0,0,0,0,0,0
161,-73.42500154,45.71753269,3,600,0,0,1,1,Highdisp_hindex1.csv;Lowdisp_hindex0.csv,ClassVars_0310_Disp_lessmobile.csv;ClassVars_0310_Disp_mobile.csv,N,0,0,0,0,0,0,Y,1,8,0.2,150,20,N,0,150,20,N,N,1,1,0,0,0,0,0,0,0,0,0,0,0,0,0,0,0,0
162,-73.17500154,45.71753269,3,600,0,0,1,1,Highdisp_hindex1.csv;Lowdisp_hindex0.csv,ClassVars_0310_Disp_lessmobile.csv;ClassVars_0310_Disp_mobile.csv,N,0,0,0,0,0,0,Y,1,8,0.2,150,20,N,0,150,20,N,N,1,1,0,0,0,0,0,0,0,0,0,0,0,0,0,0,0,0
163,-73.12500154,45.71753269,3,600,0,0,1,1,Highdisp_hindex1.csv;Lowdisp_hindex0.csv,ClassVars_0310_Disp_lessmobile.csv;ClassVars_0310_Disp_mobile.csv,N,0,0,0,0,0,0,Y,1,8,0.2,150,20,N,0,150,20,N,N,1,1,0,0,0,0,0,0,0,0,0,0,0,0,0,0,0,0
164,-73.42500154,45.76753269,3,600,0,0,1,1,Highdisp_hindex1.csv;Lowdisp_hindex0.csv,ClassVars_0310_Disp_lessmobile.csv;ClassVars_0310_Disp_mobile.csv,N,0,0,0,0,0,0,Y,1,8,0.2,150,20,N,0,150,20,N,N,1,1,0,0,0,0,0,0,0,0,0,0,0,0,0,0,0,0
165,-73.37500154,45.76753269,3,600,0,0,1,1,Highdisp_hindex1.csv;Lowdisp_hindex0.csv,ClassVars_0310_Disp_lessmobile.csv;ClassVars_0310_Disp_mobile.csv,N,0,0,0,0,0,0,Y,1,8,0.2,150,20,N,0,150,20,N,N,1,1,0,0,0,0,0,0,0,0,0,0,0,0,0,0,0,0
166,-73.17500154,45.76753269,3,600,0,0,1,1,Highdisp_hindex1.csv;Lowdisp_hindex0.csv,ClassVars_0310_Disp_lessmobile.csv;ClassVars_0310_Disp_mobile.csv,N,0,0,0,0,0,0,Y,1,8,0.2,150,20,N,0,150,20,N,N,1,1,0,0,0,0,0,0,0,0,0,0,0,0,0,0,0,0
167,-73.12500154,45.76753269,3,600,0,0,1,1,Highdisp_hindex1.csv;Lowdisp_hindex0.csv,ClassVars_0310_Disp_lessmobile.csv;ClassVars_0310_Disp_mobile.csv,N,0,0,0,0,0,0,Y,1,8,0.2,150,20,N,0,150,20,N,N,1,1,0,0,0,0,0,0,0,0,0,0,0,0,0,0,0,0
168,-73.37500154,45.81753269,3,600,0,0,1,1,Highdisp_hindex1.csv;Lowdisp_hindex0.csv,ClassVars_0310_Disp_lessmobile.csv;ClassVars_0310_Disp_mobile.csv,N,0,0,0,0,0,0,Y,1,8,0.2,150,20,N,0,150,20,N,N,1,1,0,0,0,0,0,0,0,0,0,0,0,0,0,0,0,0
169,-73.32500154,45.81753269,3,600,0,0,1,1,Highdisp_hindex1.csv;Lowdisp_hindex0.csv,ClassVars_0310_Disp_lessmobile.csv;ClassVars_0310_Disp_mobile.csv,N,0,0,0,0,0,0,Y,1,8,0.2,150,20,N,0,150,20,N,N,1,1,0,0,0,0,0,0,0,0,0,0,0,0,0,0,0,0
170,-73.12500154,45.81753269,3,600,0,0,1,1,Highdisp_hindex1.csv;Lowdisp_hindex0.csv,ClassVars_0310_Disp_lessmobile.csv;ClassVars_0310_Disp_mobile.csv,N,0,0,0,0,0,0,Y,1,8,0.2,150,20,N,0,150,20,N,N,1,1,0,0,0,0,0,0,0,0,0,0,0,0,0,0,0,0
171,-73.27500154,45.86753269,3,600,0,0,1,1,Highdisp_hindex1.csv;Lowdisp_hindex0.csv,ClassVars_0310_Disp_lessmobile.csv;ClassVars_0310_Disp_mobile.csv,N,0,0,0,0,0,0,Y,1,8,0.2,150,20,N,0,150,20,N,N,1,1,0,0,0,0,0,0,0,0,0,0,0,0,0,0,0,0
172,-73.22500154,45.86753269,3,600,0,0,1,1,Highdisp_hindex1.csv;Lowdisp_hindex0.csv,ClassVars_0310_Disp_lessmobile.csv;ClassVars_0310_Disp_mobile.csv,N,0,0,0,0,0,0,Y,1,8,0.2,150,20,N,0,150,20,N,N,1,1,0,0,0,0,0,0,0,0,0,0,0,0,0,0,0,0
173,-73.12500154,45.86753269,3,600,0,0,1,1,Highdisp_hindex1.csv;Lowdisp_hindex0.csv,ClassVars_0310_Disp_lessmobile.csv;ClassVars_0310_Disp_mobile.csv,N,0,0,0,0,0,0,Y,1,8,0.2,150,20,N,0,150,20,N,N,1,1,0,0,0,0,0,0,0,0,0,0,0,0,0,0,0,0
174,-73.27500154,45.91753269,3,600,0,0,1,1,Highdisp_hindex1.csv;Lowdisp_hindex0.csv,ClassVars_0310_Disp_lessmobile.csv;ClassVars_0310_Disp_mobile.csv,N,0,0,0,0,0,0,Y,1,8,0.2,150,20,N,0,150,20,N,N,1,1,0,0,0,0,0,0,0,0,0,0,0,0,0,0,0,0
175,-73.22500154,45.91753269,3,600,0,0,1,1,Highdisp_hindex1.csv;Lowdisp_hindex0.csv,ClassVars_0310_Disp_lessmobile.csv;ClassVars_0310_Disp_mobile.csv,N,0,0,0,0,0,0,Y,1,8,0.2,150,20,N,0,150,20,N,N,1,1,0,0,0,0,0,0,0,0,0,0,0,0,0,0,0,0
176,-73.12500154,45.91753269,3,600,0,0,1,1,Highdisp_hindex1.csv;Lowdisp_hindex0.csv,ClassVars_0310_Disp_lessmobile.csv;ClassVars_0310_Disp_mobile.csv,N,0,0,0,0,0,0,Y,1,8,0.2,150,20,N,0,150,20,N,N,1,1,0,0,0,0,0,0,0,0,0,0,0,0,0,0,0,0
177,-73.22500154,45.96753269,3,600,0,0,1,1,Highdisp_hindex1.csv;Lowdisp_hindex0.csv,ClassVars_0310_Disp_lessmobile.csv;ClassVars_0310_Disp_mobile.csv,N,0,0,0,0,0,0,Y,1,8,0.2,150,20,N,0,150,20,N,N,1,1,0,0,0,0,0,0,0,0,0,0,0,0,0,0,0,0
178,-73.12500154,45.96753269,3,600,0,0,1,1,Highdisp_hindex1.csv;Lowdisp_hindex0.csv,ClassVars_0310_Disp_lessmobile.csv;ClassVars_0310_Disp_mobile.csv,N,0,0,0,0,0,0,Y,1,8,0.2,150,20,N,0,150,20,N,N,1,1,0,0,0,0,0,0,0,0,0,0,0,0,0,0,0,0
179,-73.17500154,46.01753269,3,600,0,0,1,1,Highdisp_hindex1.csv;Lowdisp_hindex0.csv,ClassVars_0310_Disp_lessmobile.csv;ClassVars_0310_Disp_mobile.csv,N,0,0,0,0,0,0,Y,1,8,0.2,150,20,N,0,150,20,N,N,1,1,0,0,0,0,0,0,0,0,0,0,0,0,0,0,0,0
180,-73.12500154,46.01753269,3,600,0,0,1,1,Highdisp_hindex1.csv;Lowdisp_hindex0.csv,ClassVars_0310_Disp_lessmobile.csv;ClassVars_0310_Disp_mobile.csv,N,0,0,0,0,0,0,Y,1,8,0.2,150,20,N,0,150,20,N,N,1,1,0,0,0,0,0,0,0,0,0,0,0,0,0,0,0,0
181,-73.17500154,46.06753269,3,600,0,0,1,1,Highdisp_hindex1.csv;Lowdisp_hindex0.csv,ClassVars_0310_Disp_lessmobile.csv;ClassVars_0310_Disp_mobile.csv,N,0,0,0,0,0,0,Y,1,8,0.2,150,20,N,0,150,20,N,N,1,1,0,0,0,0,0,0,0,0,0,0,0,0,0,0,0,0
182,-73.12500154,46.06753269,3,600,0,0,1,1,Highdisp_hindex1.csv;Lowdisp_hindex0.csv,ClassVars_0310_Disp_lessmobile.csv;ClassVars_0310_Disp_mobile.csv,N,0,0,0,0,0,0,Y,1,8,0.2,150,20,N,0,150,20,N,N,1,1,0,0,0,0,0,0,0,0,0,0,0,0,0,0,0,0
183,-73.07500154,46.06753269,3,600,0,0,1,1,Highdisp_hindex1.csv;Lowdisp_hindex0.csv,ClassVars_0310_Disp_lessmobile.csv;ClassVars_0310_Disp_mobile.csv,N,0,0,0,0,0,0,Y,1,8,0.2,150,20,N,0,150,20,N,N,1,1,0,0,0,0,0,0,0,0,0,0,0,0,0,0,0,0
184,-73.02500154,46.06753269,3,600,0,0,1,1,Highdisp_hindex1.csv;Lowdisp_hindex0.csv,ClassVars_0310_Disp_lessmobile.csv;ClassVars_0310_Disp_mobile.csv,N,0,0,0,0,0,0,Y,1,8,0.2,150,20,N,0,150,20,N,N,1,1,0,0,0,0,0,0,0,0,0,0,0,0,0,0,0,0
185,-72.97500154,46.06753269,3,600,0,0,1,1,Highdisp_hindex1.csv;Lowdisp_hindex0.csv,ClassVars_0310_Disp_lessmobile.csv;ClassVars_0310_Disp_mobile.csv,N,0,0,0,0,0,0,Y,1,8,0.2,150,20,N,0,150,20,N,N,1,1,0,0,0,0,0,0,0,0,0,0,0,0,0,0,0,0
186,-73.12500154,46.11753269,3,600,0,0,1,1,Highdisp_hindex1.csv;Lowdisp_hindex0.csv,ClassVars_0310_Disp_lessmobile.csv;ClassVars_0310_Disp_mobile.csv,N,0,0,0,0,0,0,Y,1,8,0.2,150,20,N,0,150,20,N,N,1,1,0,0,0,0,0,0,0,0,0,0,0,0,0,0,0,0
187,-73.07500154,46.11753269,3,600,0,0,1,1,Highdisp_hindex1.csv;Lowdisp_hindex0.csv,ClassVars_0310_Disp_lessmobile.csv;ClassVars_0310_Disp_mobile.csv,N,0,0,0,0,0,0,Y,1,8,0.2,150,20,N,0,150,20,N,N,1,1,0,0,0,0,0,0,0,0,0,0,0,0,0,0,0,0
188,-73.02500154,46.11753269,3,600,0,0,1,1,Highdisp_hindex1.csv;Lowdisp_hindex0.csv,ClassVars_0310_Disp_lessmobile.csv;ClassVars_0310_Disp_mobile.csv,N,0,0,0,0,0,0,Y,1,8,0.2,150,20,N,0,150,20,N,N,1,1,0,0,0,0,0,0,0,0,0,0,0,0,0,0,0,0
189,-72.97500154,46.11753269,3,600,0,0,1,1,Highdisp_hindex1.csv;Lowdisp_hindex0.csv,ClassVars_0310_Disp_lessmobile.csv;ClassVars_0310_Disp_mobile.csv,N,0,0,0,0,0,0,Y,1,8,0.2,150,20,N,0,150,20,N,N,1,1,0,0,0,0,0,0,0,0,0,0,0,0,0,0,0,0
190,-72.92500154,46.11753269,3,600,0,0,1,1,Highdisp_hindex1.csv;Lowdisp_hindex0.csv,ClassVars_0310_Disp_lessmobile.csv;ClassVars_0310_Disp_mobile.csv,N,0,0,0,0,0,0,Y,1,8,0.2,150,20,N,0,150,20,N,N,1,1,0,0,0,0,0,0,0,0,0,0,0,0,0,0,0,0
191,-72.87500154,46.11753269,3,600,0,0,1,1,Highdisp_hindex1.csv;Lowdisp_hindex0.csv,ClassVars_0310_Disp_lessmobile.csv;ClassVars_0310_Disp_mobile.csv,N,0,0,0,0,0,0,Y,1,8,0.2,150,20,N,0,150,20,N,N,1,1,0,0,0,0,0,0,0,0,0,0,0,0,0,0,0,0
192,-73.02500154,46.16753269,3,600,0,0,1,1,Highdisp_hindex1.csv;Lowdisp_hindex0.csv,ClassVars_0310_Disp_lessmobile.csv;ClassVars_0310_Disp_mobile.csv,N,0,0,0,0,0,0,Y,1,8,0.2,150,20,N,0,150,20,N,N,1,1,0,0,0,0,0,0,0,0,0,0,0,0,0,0,0,0
193,-72.97500154,46.16753269,3,600,0,0,1,1,Highdisp_hindex1.csv;Lowdisp_hindex0.csv,ClassVars_0310_Disp_lessmobile.csv;ClassVars_0310_Disp_mobile.csv,N,0,0,0,0,0,0,Y,1,8,0.2,150,20,N,0,150,20,N,N,1,1,0,0,0,0,0,0,0,0,0,0,0,0,0,0,0,0
194,-72.92500154,46.16753269,3,600,0,0,1,1,Highdisp_hindex1.csv;Lowdisp_hindex0.csv,ClassVars_0310_Disp_lessmobile.csv;ClassVars_0310_Disp_mobile.csv,N,0,0,0,0,0,0,Y,1,8,0.2,150,20,N,0,150,20,N,N,1,1,0,0,0,0,0,0,0,0,0,0,0,0,0,0,0,0
195,-72.87500154,46.16753269,3,600,0,0,1,1,Highdisp_hindex1.csv;Lowdisp_hindex0.csv,ClassVars_0310_Disp_lessmobile.csv;ClassVars_0310_Disp_mobile.csv,N,0,0,0,0,0,0,Y,1,8,0.2,150,20,N,0,150,20,N,N,1,1,0,0,0,0,0,0,0,0,0,0,0,0,0,0,0,0
196,-72.82500154,46.16753269,3,600,0,0,1,1,Highdisp_hindex1.csv;Lowdisp_hindex0.csv,ClassVars_0310_Disp_lessmobile.csv;ClassVars_0310_Disp_mobile.csv,N,0,0,0,0,0,0,Y,1,8,0.2,150,20,N,0,150,20,N,N,1,1,0,0,0,0,0,0,0,0,0,0,0,0,0,0,0,0
197,-72.77500154,46.16753269,3,600,0,0,1,1,Highdisp_hindex1.csv;Lowdisp_hindex0.csv,ClassVars_0310_Disp_lessmobile.csv;ClassVars_0310_Disp_mobile.csv,N,0,0,0,0,0,0,Y,1,8,0.2,150,20,N,0,150,20,N,N,1,1,0,0,0,0,0,0,0,0,0,0,0,0,0,0,0,0
198,-72.72500154,46.16753269,3,600,0,0,1,1,Highdisp_hindex1.csv;Lowdisp_hindex0.csv,ClassVars_0310_Disp_lessmobile.csv;ClassVars_0310_Disp_mobile.csv,N,0,0,0,0,0,0,Y,1,8,0.2,150,20,N,0,150,20,N,N,1,1,0,0,0,0,0,0,0,0,0,0,0,0,0,0,0,0
199,-72.92500154,46.21753269,3,600,0,0,1,1,Highdisp_hindex1.csv;Lowdisp_hindex0.csv,ClassVars_0310_Disp_lessmobile.csv;ClassVars_0310_Disp_mobile.csv,N,0,0,0,0,0,0,Y,1,8,0.2,150,20,N,0,150,20,N,N,1,1,0,0,0,0,0,0,0,0,0,0,0,0,0,0,0,0
200,-72.87500154,46.21753269,3,600,0,0,1,1,Highdisp_hindex1.csv;Lowdisp_hindex0.csv,ClassVars_0310_Disp_lessmobile.csv;ClassVars_0310_Disp_mobile.csv,N,0,0,0,0,0,0,Y,1,8,0.2,150,20,N,0,150,20,N,N,1,1,0,0,0,0,0,0,0,0,0,0,0,0,0,0,0,0
201,-72.82500154,46.21753269,3,600,0,0,1,1,Highdisp_hindex1.csv;Lowdisp_hindex0.csv,ClassVars_0310_Disp_lessmobile.csv;ClassVars_0310_Disp_mobile.csv,N,0,0,0,0,0,0,Y,1,8,0.2,150,20,N,0,150,20,N,N,1,1,0,0,0,0,0,0,0,0,0,0,0,0,0,0,0,0
202,-72.77500154,46.21753269,3,600,0,0,1,1,Highdisp_hindex1.csv;Lowdisp_hindex0.csv,ClassVars_0310_Disp_lessmobile.csv;ClassVars_0310_Disp_mobile.csv,N,0,0,0,0,0,0,Y,1,8,0.2,150,20,N,0,150,20,N,N,1,1,0,0,0,0,0,0,0,0,0,0,0,0,0,0,0,0
203,-72.72500154,46.21753269,3,600,0,0,1,1,Highdisp_hindex1.csv;Lowdisp_hindex0.csv,ClassVars_0310_Disp_lessmobile.csv;ClassVars_0310_Disp_mobile.csv,N,0,0,0,0,0,0,Y,1,8,0.2,150,20,N,0,150,20,N,N,1,1,0,0,0,0,0,0,0,0,0,0,0,0,0,0,0,0
204,-72.67500154,46.21753269,3,600,0,0,1,1,Highdisp_hindex1.csv;Lowdisp_hindex0.csv,ClassVars_0310_Disp_lessmobile.csv;ClassVars_0310_Disp_mobile.csv,N,0,0,0,0,0,0,Y,1,8,0.2,150,20,N,0,150,20,N,N,1,1,0,0,0,0,0,0,0,0,0,0,0,0,0,0,0,0
205,-72.82500154,46.26753269,3,600,0,0,1,1,Highdisp_hindex1.csv;Lowdisp_hindex0.csv,ClassVars_0310_Disp_lessmobile.csv;ClassVars_0310_Disp_mobile.csv,N,0,0,0,0,0,0,Y,1,8,0.2,150,20,N,0,150,20,N,N,1,1,0,0,0,0,0,0,0,0,0,0,0,0,0,0,0,0
206,-72.77500154,46.26753269,3,600,0,0,1,1,Highdisp_hindex1.csv;Lowdisp_hindex0.csv,ClassVars_0310_Disp_lessmobile.csv;ClassVars_0310_Disp_mobile.csv,N,0,0,0,0,0,0,Y,1,8,0.2,150,20,N,0,150,20,N,N,1,1,0,0,0,0,0,0,0,0,0,0,0,0,0,0,0,0
207,-72.72500154,46.26753269,3,600,0,0,1,1,Highdisp_hindex1.csv;Lowdisp_hindex0.csv,ClassVars_0310_Disp_lessmobile.csv;ClassVars_0310_Disp_mobile.csv,N,0,0,0,0,0,0,Y,1,8,0.2,150,20,N,0,150,20,N,N,1,1,0,0,0,0,0,0,0,0,0,0,0,0,0,0,0,0
208,-72.67500154,46.26753269,3,600,0,0,1,1,Highdisp_hindex1.csv;Lowdisp_hindex0.csv,ClassVars_0310_Disp_lessmobile.csv;ClassVars_0310_Disp_mobile.csv,N,0,0,0,0,0,0,Y,1,8,0.2,150,20,N,0,150,20,N,N,1,1,0,0,0,0,0,0,0,0,0,0,0,0,0,0,0,0
209,-72.62500154,46.26753269,3,600,0,0,1,1,Highdisp_hindex1.csv;Lowdisp_hindex0.csv,ClassVars_0310_Disp_lessmobile.csv;ClassVars_0310_Disp_mobile.csv,N,0,0,0,0,0,0,Y,1,8,0.2,150,20,N,0,150,20,N,N,1,1,0,0,0,0,0,0,0,0,0,0,0,0,0,0,0,0
210,-72.57500154,46.31753269,3,600,0,0,1,1,Highdisp_hindex1.csv;Lowdisp_hindex0.csv,ClassVars_0310_Disp_lessmobile.csv;ClassVars_0310_Disp_mobile.csv,N,0,0,0,0,0,0,Y,1,8,0.2,150,20,N,0,150,20,N,N,1,1,0,0,0,0,0,0,0,0,0,0,0,0,0,0,0,0
211,-72.52500154,46.31753269,3,600,0,0,1,1,Highdisp_hindex1.csv;Lowdisp_hindex0.csv,ClassVars_0310_Disp_lessmobile.csv;ClassVars_0310_Disp_mobile.csv,N,0,0,0,0,0,0,Y,1,8,0.2,150,20,N,0,150,20,N,N,1,1,0,0,0,0,0,0,0,0,0,0,0,0,0,0,0,0
212,-72.52500154,46.36753269,3,600,0,0,1,1,Highdisp_hindex1.csv;Lowdisp_hindex0.csv,ClassVars_0310_Disp_lessmobile.csv;ClassVars_0310_Disp_mobile.csv,N,0,0,0,0,0,0,Y,1,8,0.2,150,20,N,0,150,20,N,N,1,1,0,0,0,0,0,0,0,0,0,0,0,0,0,0,0,0
213,-72.47500154,46.36753269,3,600,0,0,1,1,Highdisp_hindex1.csv;Lowdisp_hindex0.csv,ClassVars_0310_Disp_lessmobile.csv;ClassVars_0310_Disp_mobile.csv,N,0,0,0,0,0,0,Y,1,8,0.2,150,20,N,0,150,20,N,N,1,1,0,0,0,0,0,0,0,0,0,0,0,0,0,0,0,0
214,-72.42500154,46.36753269,3,600,0,0,1,1,Highdisp_hindex1.csv;Lowdisp_hindex0.csv,ClassVars_0310_Disp_lessmobile.csv;ClassVars_0310_Disp_mobile.csv,N,0,0,0,0,0,0,Y,1,8,0.2,150,20,N,0,150,20,N,N,1,1,0,0,0,0,0,0,0,0,0,0,0,0,0,0,0,0
215,-72.42500154,46.41753269,3,600,0,0,1,1,Highdisp_hindex1.csv;Lowdisp_hindex0.csv,ClassVars_0310_Disp_lessmobile.csv;ClassVars_0310_Disp_mobile.csv,N,0,0,0,0,0,0,Y,1,8,0.2,150,20,N,0,150,20,N,N,1,1,0,0,0,0,0,0,0,0,0,0,0,0,0,0,0,0
216,-72.37500154,46.41753269,3,600,0,0,1,1,Highdisp_hindex1.csv;Lowdisp_hindex0.csv,ClassVars_0310_Disp_lessmobile.csv;ClassVars_0310_Disp_mobile.csv,N,0,0,0,0,0,0,Y,1,8,0.2,150,20,N,0,150,20,N,N,1,1,0,0,0,0,0,0,0,0,0,0,0,0,0,0,0,0
217,-72.32500154,46.41753269,3,600,0,0,1,1,Highdisp_hindex1.csv;Lowdisp_hindex0.csv,ClassVars_0310_Disp_lessmobile.csv;ClassVars_0310_Disp_mobile.csv,N,0,0,0,0,0,0,Y,1,8,0.2,150,20,N,0,150,20,N,N,1,1,0,0,0,0,0,0,0,0,0,0,0,0,0,0,0,0
218,-72.27500154,46.41753269,3,600,0,0,1,1,Highdisp_hindex1.csv;Lowdisp_hindex0.csv,ClassVars_0310_Disp_lessmobile.csv;ClassVars_0310_Disp_mobile.csv,N,0,0,0,0,0,0,Y,1,8,0.2,150,20,N,0,150,20,N,N,1,1,0,0,0,0,0,0,0,0,0,0,0,0,0,0,0,0
219,-72.27500154,46.46753269,3,600,0,0,1,1,Highdisp_hindex1.csv;Lowdisp_hindex0.csv,ClassVars_0310_Disp_lessmobile.csv;ClassVars_0310_Disp_mobile.csv,N,0,0,0,0,0,0,Y,1,8,0.2,150,20,N,0,150,20,N,N,1,1,0,0,0,0,0,0,0,0,0,0,0,0,0,0,0,0
220,-72.22500154,46.46753269,3,600,0,0,1,1,Highdisp_hindex1.csv;Lowdisp_hindex0.csv,ClassVars_0310_Disp_lessmobile.csv;ClassVars_0310_Disp_mobile.csv,N,0,0,0,0,0,0,Y,1,8,0.2,150,20,N,0,150,20,N,N,1,1,0,0,0,0,0,0,0,0,0,0,0,0,0,0,0,0
221,-72.22500154,46.51753269,3,600,0,0,1,1,Highdisp_hindex1.csv;Lowdisp_hindex0.csv,ClassVars_0310_Disp_lessmobile.csv;ClassVars_0310_Disp_mobile.csv,N,0,0,0,0,0,0,Y,1,8,0.2,150,20,N,0,150,20,N,N,1,1,0,0,0,0,0,0,0,0,0,0,0,0,0,0,0,0
222,-72.17500154,46.51753269,3,600,0,0,1,1,Highdisp_hindex1.csv;Lowdisp_hindex0.csv,ClassVars_0310_Disp_lessmobile.csv;ClassVars_0310_Disp_mobile.csv,N,0,0,0,0,0,0,Y,1,8,0.2,150,20,N,0,150,20,N,N,1,1,0,0,0,0,0,0,0,0,0,0,0,0,0,0,0,0
223,-72.17500154,46.56753269,3,600,0,0,1,1,Highdisp_hindex1.csv;Lowdisp_hindex0.csv,ClassVars_0310_Disp_lessmobile.csv;ClassVars_0310_Disp_mobile.csv,N,0,0,0,0,0,0,Y,1,8,0.2,150,20,N,0,150,20,N,N,1,1,0,0,0,0,0,0,0,0,0,0,0,0,0,0,0,0
224,-72.12500154,46.56753269,3,600,0,0,1,1,Highdisp_hindex1.csv;Lowdisp_hindex0.csv,ClassVars_0310_Disp_lessmobile.csv;ClassVars_0310_Disp_mobile.csv,N,0,0,0,0,0,0,Y,1,8,0.2,150,20,N,0,150,20,N,N,1,1,0,0,0,0,0,0,0,0,0,0,0,0,0,0,0,0
225,-72.07500154,46.56753269,3,600,0,0,1,1,Highdisp_hindex1.csv;Lowdisp_hindex0.csv,ClassVars_0310_Disp_lessmobile.csv;ClassVars_0310_Disp_mobile.csv,N,0,0,0,0,0,0,Y,1,8,0.2,150,20,N,0,150,20,N,N,1,1,0,0,0,0,0,0,0,0,0,0,0,0,0,0,0,0
226,-72.02500154,46.56753269,3,600,0,0,1,1,Highdisp_hindex1.csv;Lowdisp_hindex0.csv,ClassVars_0310_Disp_lessmobile.csv;ClassVars_0310_Disp_mobile.csv,N,0,0,0,0,0,0,Y,1,8,0.2,150,20,N,0,150,20,N,N,1,1,0,0,0,0,0,0,0,0,0,0,0,0,0,0,0,0
227,-71.97500154,46.61753269,3,600,0,0,1,1,Highdisp_hindex1.csv;Lowdisp_hindex0.csv,ClassVars_0310_Disp_lessmobile.csv;ClassVars_0310_Disp_mobile.csv,N,0,0,0,0,0,0,Y,1,8,0.2,150,20,N,0,150,20,N,N,1,1,0,0,0,0,0,0,0,0,0,0,0,0,0,0,0,0
228,-74.12262432,45.31470945,3,600,0,0,1,1,Highdisp_hindex1.csv;Lowdisp_hindex0.csv,ClassVars_0310_Disp_lessmobile.csv;ClassVars_0310_Disp_mobile.csv,N,0,0,0,0,0,0,Y,1,8,0.2,150,20,N,0,150,20,N,N,1,1,0,0,0,0,0,0,0,0,0,0,0,0,0,0,0,0
229,-74.07527427,45.31470945,3,600,0,0,1,1,Highdisp_hindex1.csv;Lowdisp_hindex0.csv,ClassVars_0310_Disp_lessmobile.csv;ClassVars_0310_Disp_mobile.csv,N,0,0,0,0,0,0,Y,1,8,0.2,150,20,N,0,150,20,N,N,1,1,0,0,0,0,0,0,0,0,0,0,0,0,0,0,0,0
